{"cameraMode":{"drawMode":0,"name":"Shaded","section":"Shading Mode"},"sceneLighting":false,"audioPlay":false,"sceneViewState":{"m_AlwaysRefresh":false,"showFog":true,"showSkybox":false,"showFlares":true,"showImageEffects":true,"showParticleSystems":true,"showVisualEffectGraphs":true,"m_FxEnabled":true},"in2DMode":false,"pivot":{"x":-0.5606305599212647,"y":3.778200149536133,"z":-0.037057362496852878},"rotation":{"x":0.05381258949637413,"y":-0.18706560134887696,"z":0.009288454428315163,"w":0.9811500906944275},"size":2.058448553085327,"orthographic":false}