{"playerData":{"playerStats":[100.0,1555.0,93.0],"playerPositionAndRotation":[268.20953369140627,46.68904495239258,278.5075378417969,0.33100855350494387,-0.21812812983989716,0.07893801480531693],"inventoryContent":["Axe","Foundation","Wall","Wall","Foundation","Wall","Wall","Log","Log"],"quickSlotsContent":["Axe"]},"enviromentData":{"pickedupItems":["Log","Log  "]},"choppedTreePositions":[]}