{"playerData":{"playerStats":[100.0,1556.0,94.0],"playerPositionAndRotation":[268.1498107910156,46.72531509399414,278.89013671875,0.029451822862029077,-0.01599871553480625,0.0004714562965091318],"inventoryContent":["Axe","Foundation","Wall","Wall","Foundation","Wall","Wall"],"quickSlotsContent":["Axe"]},"enviromentData":{"pickedupItems":[]},"choppedTreePositions":[]}