{"playerData":{"playerStats":[100.0,1754.0,96.0],"playerPositionAndRotation":[269.71063232421877,46.43394088745117,276.0257568359375,0.014255879446864128,0.11857803910970688,-0.0017026233254000545],"inventoryContent":["Log","Foundation","Wall","Wall","Log","Log","Log"],"quickSlotsContent":["Axe"]},"enviromentData":{"pickedupItems":["Log","Log ","Log","Log  "]}}